filename,label,path,extension,size_bytes,sha256,is_open,can_read_first,corrupted,fps,reported_frame_count,actual_frames_read,width,height,aspect_ratio,fourcc,duration_sec
L (1).mp4,LAME,C:\Users\Lenovo\Downloads\CattleLameness-main\CattleLameness-main\Data\Lame\L (1).mp4,.mp4,418998,d69aee866ffbcb10b890089dbcb07dd60b303d21983981ae94f672546c7c3fc9,True,True,False,29.97,120,120,500,500,500:500,h264,4.0
L (10).mp4,LAME,C:\Users\Lenovo\Downloads\CattleLameness-main\CattleLameness-main\Data\Lame\L (10).mp4,.mp4,683578,c24bb82e8f7d5142289c2141b56ab21a68d0701b3f7190935591ea6760ef4b6f,True,True,False,29.97,125,125,500,500,500:500,h264,4.17
L (11).mp4,LAME,C:\Users\Lenovo\Downloads\CattleLameness-main\CattleLameness-main\Data\Lame\L (11).mp4,.mp4,1696745,7b00e28a18cb1485dfb9278ed7000d381030d1ca5e1fbc7b6662b407c9f54245,True,True,False,29.92,303,303,500,500,500:500,h264,10.13
L (12).mp4,LAME,C:\Users\Lenovo\Downloads\CattleLameness-main\CattleLameness-main\Data\Lame\L (12).mp4,.mp4,1527998,bcb6ea2a6309196aa283d7eb46b1a376d53b188fb43b43b994d2baee635626c7,True,True,False,60.0,479,479,500,500,500:500,h264,7.98
L (13).mp4,LAME,C:\Users\Lenovo\Downloads\CattleLameness-main\CattleLameness-main\Data\Lame\L (13).mp4,.mp4,874978,97ac0f5c5eeb93f3047a5262aab32b46ef8c6e35261039b307bf8c4d5899f50b,True,True,False,60.0,308,308,500,500,500:500,h264,5.13
L (14).mp4,LAME,C:\Users\Lenovo\Downloads\CattleLameness-main\CattleLameness-main\Data\Lame\L (14).mp4,.mp4,1544479,9d14e697c95392745ae06477fd1238619c3852f1c5ce5524d91279cc57d77f51,True,True,False,29.92,223,223,500,500,500:500,h264,7.45
L (15).mp4,LAME,C:\Users\Lenovo\Downloads\CattleLameness-main\CattleLameness-main\Data\Lame\L (15).mp4,.mp4,655630,bc27cfcffe16637d57533c2e17c212856b1e48b931cac4d0fc418705461ff7ce,True,True,False,29.97,134,134,500,500,500:500,h264,4.47
L (16).mp4,LAME,C:\Users\Lenovo\Downloads\CattleLameness-main\CattleLameness-main\Data\Lame\L (16).mp4,.mp4,1989371,d90e9b588b88f32dfa521941c72ec8b4f333bb8b2c807f690795eccb67cdd0d1,True,True,False,59.94,395,395,500,500,500:500,h264,6.59
L (17).mp4,LAME,C:\Users\Lenovo\Downloads\CattleLameness-main\CattleLameness-main\Data\Lame\L (17).mp4,.mp4,1065567,f3c4531375c6cdd4a7d74e0824022c68ac79164b4405af88a1d7c5bf2842bcea,True,True,False,30.0,125,125,500,500,500:500,h264,4.17
L (18).mp4,LAME,C:\Users\Lenovo\Downloads\CattleLameness-main\CattleLameness-main\Data\Lame\L (18).mp4,.mp4,508170,ed8c180936463335ec11da543a48dda10a08c1f25bc80004b2775068baa576fd,True,True,False,29.97,150,150,500,500,500:500,h264,5.0
L (19).mp4,LAME,C:\Users\Lenovo\Downloads\CattleLameness-main\CattleLameness-main\Data\Lame\L (19).mp4,.mp4,658499,3aab0d99152cbbd54c1733108cd93f3329826c61f1b05bcc576774ccad2a7daf,True,True,False,29.92,108,108,500,500,500:500,h264,3.61
L (2).mp4,LAME,C:\Users\Lenovo\Downloads\CattleLameness-main\CattleLameness-main\Data\Lame\L (2).mp4,.mp4,1147139,39a619f60f47e5fa940f546d1209fc7f85c1367defd9874f3aa412a616100d9a,True,True,False,60.0,390,390,500,500,500:500,h264,6.5
L (20).mp4,LAME,C:\Users\Lenovo\Downloads\CattleLameness-main\CattleLameness-main\Data\Lame\L (20).mp4,.mp4,680629,6398f1b8ad1bdc897c259c14cd7b3d58f5d56529b97a3b7031bd771d27667975,True,True,False,30.0,177,177,500,500,500:500,h264,5.9
L (21).mp4,LAME,C:\Users\Lenovo\Downloads\CattleLameness-main\CattleLameness-main\Data\Lame\L (21).mp4,.mp4,1291919,84ea53e9afed2b0224cffe97ed43ca09d53b455ed32a20378967c2fb1e2b8c49,True,True,False,60.0,302,302,500,500,500:500,h264,5.03
L (22).mp4,LAME,C:\Users\Lenovo\Downloads\CattleLameness-main\CattleLameness-main\Data\Lame\L (22).mp4,.mp4,2915020,c22e3089fecd0527f074e30c4c01e1f963878ac45dfe3c97c5af8003daf8b24e,True,True,False,30.0,260,260,500,500,500:500,h264,8.67
L (23).mp4,LAME,C:\Users\Lenovo\Downloads\CattleLameness-main\CattleLameness-main\Data\Lame\L (23).mp4,.mp4,521667,108479dd77fe35fea008d8e5a9b2164994178c107b63cb01d767b953c2e2b01b,True,True,False,30.0,141,141,500,500,500:500,h264,4.7
L (24).mp4,LAME,C:\Users\Lenovo\Downloads\CattleLameness-main\CattleLameness-main\Data\Lame\L (24).mp4,.mp4,1387261,a107e5a03b6776ca605f1de44a151743ffe2284f0affd7115bc390787c574ff4,True,True,False,29.5,193,193,500,500,500:500,h264,6.54
L (25).mp4,LAME,C:\Users\Lenovo\Downloads\CattleLameness-main\CattleLameness-main\Data\Lame\L (25).mp4,.mp4,1407493,088b526b764e131d2dec4fd1cb029d765c45eaa2f5cb9a9fa114f723eef39b66,True,True,False,59.94,334,334,500,500,500:500,h264,5.57
L (3).mp4,LAME,C:\Users\Lenovo\Downloads\CattleLameness-main\CattleLameness-main\Data\Lame\L (3).mp4,.mp4,944153,f8db9e83117b9c1f2d4ef0dac530fd9b32c787f9cbd5d8327e893c55508d1a8a,True,True,False,30.0,138,138,500,500,500:500,h264,4.6
L (4).mp4,LAME,C:\Users\Lenovo\Downloads\CattleLameness-main\CattleLameness-main\Data\Lame\L (4).mp4,.mp4,875668,5ca66e4912c87aacd4b212b02fd097f7f9d8c98be382828070a669d13629fb6b,True,True,False,29.5,167,167,500,500,500:500,h264,5.66
L (5).mp4,LAME,C:\Users\Lenovo\Downloads\CattleLameness-main\CattleLameness-main\Data\Lame\L (5).mp4,.mp4,1478040,69ecbcfd2285f1e6a6a971194e123ee4707d756578e4aeeae923fdfec87c8443,True,True,False,60.0,366,366,500,500,500:500,h264,6.1
L (6).mp4,LAME,C:\Users\Lenovo\Downloads\CattleLameness-main\CattleLameness-main\Data\Lame\L (6).mp4,.mp4,715898,1d435c64c11c2b704337725e0f1cb08ebbd775e3162f2be8f10959742070d1a6,True,True,False,30.0,213,213,500,500,500:500,h264,7.1
L (7).mp4,LAME,C:\Users\Lenovo\Downloads\CattleLameness-main\CattleLameness-main\Data\Lame\L (7).mp4,.mp4,1707887,946b5fd38b08b13c059252d917a2e618bd16f969beb738c4259c73c5fafa5342,True,True,False,60.0,341,341,500,500,500:500,h264,5.68
L (8).mp4,LAME,C:\Users\Lenovo\Downloads\CattleLameness-main\CattleLameness-main\Data\Lame\L (8).mp4,.mp4,684334,b69f1ab8d08188483fbc4d2c889d7c34b4fd6b5270d30e4c8062180c5c0024b6,True,True,False,29.97,180,180,500,500,500:500,h264,6.01
L (9).mp4,LAME,C:\Users\Lenovo\Downloads\CattleLameness-main\CattleLameness-main\Data\Lame\L (9).mp4,.mp4,1099556,4a7ee603b5878ace33cda55745aa726d591d986af510bdf89601425fad2c41b3,True,True,False,30.0,228,228,500,500,500:500,h264,7.6
N (1).mp4,NORMAL,C:\Users\Lenovo\Downloads\CattleLameness-main\CattleLameness-main\Data\Normal\N (1).mp4,.mp4,976238,5a4b115be6fd1520f2abb12de328642c1ee38d32002411a920d6261bb4d94855,True,True,False,60.0,146,146,500,500,500:500,h264,2.43
N (10).mp4,NORMAL,C:\Users\Lenovo\Downloads\CattleLameness-main\CattleLameness-main\Data\Normal\N (10).mp4,.mp4,967967,c0d70b5de73cdf77fe5ef6f691f0c3158aa867b6c8be68a8435f2ecc312ccb91,True,True,False,30.0,191,191,500,500,500:500,h264,6.37
N (11).mp4,NORMAL,C:\Users\Lenovo\Downloads\CattleLameness-main\CattleLameness-main\Data\Normal\N (11).mp4,.mp4,712595,d7dbcd7cd47a6496f940afa18bc14052984352b22e3840a600e37e69c56d5fdf,True,True,False,25.0,127,127,500,500,500:500,h264,5.08
N (12).mp4,NORMAL,C:\Users\Lenovo\Downloads\CattleLameness-main\CattleLameness-main\Data\Normal\N (12).mp4,.mp4,1045890,7c0781771d30c3315c1a3c6c36d6e39574d2406c9c1a30b1faf53866ad8c4777,True,True,False,29.17,148,148,500,500,500:500,h264,5.07
N (13).mp4,NORMAL,C:\Users\Lenovo\Downloads\CattleLameness-main\CattleLameness-main\Data\Normal\N (13).mp4,.mp4,676102,956ff1183b0649a02053fc48dde175de3e544a3fb73470bb6560aff5e7501f41,True,True,False,29.58,132,132,500,500,500:500,h264,4.46
N (14).mp4,NORMAL,C:\Users\Lenovo\Downloads\CattleLameness-main\CattleLameness-main\Data\Normal\N (14).mp4,.mp4,499519,349801f7c04d84ac7e14a9f12f37f7a85e1ca0635d99bd0bddb4aa120e9f0d2d,True,True,False,30.0,114,114,500,500,500:500,h264,3.8
N (15).mp4,NORMAL,C:\Users\Lenovo\Downloads\CattleLameness-main\CattleLameness-main\Data\Normal\N (15).mp4,.mp4,1241230,d078860719c804d0196637afe40dcdc96cc35f1eee1517ecb9811d1438baaf4e,True,True,False,29.92,157,157,500,500,500:500,h264,5.25
N (16).mp4,NORMAL,C:\Users\Lenovo\Downloads\CattleLameness-main\CattleLameness-main\Data\Normal\N (16).mp4,.mp4,1255250,18ae3d1a88cb2b18d7665c83066bcbaa4ac7e467eea4d22ff15b84d2bbeb7076,True,True,False,29.97,205,205,500,500,500:500,h264,6.84
N (17).mp4,NORMAL,C:\Users\Lenovo\Downloads\CattleLameness-main\CattleLameness-main\Data\Normal\N (17).mp4,.mp4,1197636,f44c9c28ec823eab4f22eec637dfc9df0cc1dc7f8b3c36a83fa2508586b19b53,True,True,False,30.0,152,152,500,500,500:500,h264,5.07
N (18).mp4,NORMAL,C:\Users\Lenovo\Downloads\CattleLameness-main\CattleLameness-main\Data\Normal\N (18).mp4,.mp4,384232,7ea8b13dcd532bcc852319a409239732b3a406d3ed229ff5dc67e71456a05e4c,True,True,False,60.0,111,111,500,500,500:500,h264,1.85
N (19).mp4,NORMAL,C:\Users\Lenovo\Downloads\CattleLameness-main\CattleLameness-main\Data\Normal\N (19).mp4,.mp4,1293191,9907ecea155a5162314bcf6d4440bf4cf6681ab5a7961aee4ea7e2d285110ea9,True,True,False,30.0,141,141,500,500,500:500,h264,4.7
N (2).mp4,NORMAL,C:\Users\Lenovo\Downloads\CattleLameness-main\CattleLameness-main\Data\Normal\N (2).mp4,.mp4,509381,8e97c28c0acf4f4218c4f28011c205026fbd474f181019545477930b7b1cf3d1,True,True,False,29.58,121,121,500,500,500:500,h264,4.09
N (20).mp4,NORMAL,C:\Users\Lenovo\Downloads\CattleLameness-main\CattleLameness-main\Data\Normal\N (20).mp4,.mp4,258129,d780a4192a8b6a47ac30040c86f9ccf4b84a908d61c40582396f62df41a8107c,True,True,False,29.97,247,247,500,500,500:500,h264,8.24
N (21).mp4,NORMAL,C:\Users\Lenovo\Downloads\CattleLameness-main\CattleLameness-main\Data\Normal\N (21).mp4,.mp4,164734,8a4937a4e11d705ab616ca086352a39545eabf0fcfe23d7f339e0f0c7429abe1,True,True,False,30.0,149,149,500,500,500:500,h264,4.97
N (22).mp4,NORMAL,C:\Users\Lenovo\Downloads\CattleLameness-main\CattleLameness-main\Data\Normal\N (22).mp4,.mp4,814626,b67629c0f0be9b8d48541e71d77127b37c976cf460569f2272c778c8e1529ca2,True,True,False,30.0,246,246,500,500,500:500,h264,8.2
N (23).mp4,NORMAL,C:\Users\Lenovo\Downloads\CattleLameness-main\CattleLameness-main\Data\Normal\N (23).mp4,.mp4,249412,8f2f9822ab2d748419b74361b0cf8692682e813fa4988a72d3fadc42481bbab0,True,True,False,60.0,81,81,500,500,500:500,h264,1.35
N (24).mp4,NORMAL,C:\Users\Lenovo\Downloads\CattleLameness-main\CattleLameness-main\Data\Normal\N (24).mp4,.mp4,398619,1bacd94380018779e5db588ace5d7db42f2de570b3dff59db6d27ce090d6cf7c,True,True,False,29.97,368,368,500,500,500:500,h264,12.28
N (25).mp4,NORMAL,C:\Users\Lenovo\Downloads\CattleLameness-main\CattleLameness-main\Data\Normal\N (25).mp4,.mp4,496417,703066499f2b0c5c9106213dcf212f05b95e1a20b71392fe6b917ff2fb7d2af8,True,True,False,25.0,79,79,500,500,500:500,h264,3.16
N (3).mp4,NORMAL,C:\Users\Lenovo\Downloads\CattleLameness-main\CattleLameness-main\Data\Normal\N (3).mp4,.mp4,770810,d86948af2bfdcbbb363b4c2d06f75f993db3fe75f7f77011986ee3ee28eb4968,True,True,False,30.0,156,156,500,500,500:500,h264,5.2
N (4).mp4,NORMAL,C:\Users\Lenovo\Downloads\CattleLameness-main\CattleLameness-main\Data\Normal\N (4).mp4,.mp4,561784,38cc55ae734eea227a425869b674c70cc93644e5259e1374d10ea73b7f4548dd,True,True,False,29.0,116,116,500,500,500:500,h264,4.0
N (5).mp4,NORMAL,C:\Users\Lenovo\Downloads\CattleLameness-main\CattleLameness-main\Data\Normal\N (5).mp4,.mp4,743535,39033e604634fb936a3b09862e67996b5a4135c874358c1218dcd0aa3ef68dde,True,True,False,28.7,204,204,500,500,500:500,h264,7.11
N (6).mp4,NORMAL,C:\Users\Lenovo\Downloads\CattleLameness-main\CattleLameness-main\Data\Normal\N (6).mp4,.mp4,383327,6a0abe0c2c0590ec218ce6a1e43a026c50852abb106fddde27ac8702ce9c3a4d,True,True,False,25.0,205,205,500,500,500:500,h264,8.2
N (7).mp4,NORMAL,C:\Users\Lenovo\Downloads\CattleLameness-main\CattleLameness-main\Data\Normal\N (7).mp4,.mp4,233042,e176f207f6a92ae1384ff56edddea5da2943eebf0a3f8496a9ebcc3fe9dc1910,True,True,False,30.0,155,155,500,500,500:500,h264,5.17
N (8).mp4,NORMAL,C:\Users\Lenovo\Downloads\CattleLameness-main\CattleLameness-main\Data\Normal\N (8).mp4,.mp4,169685,bf5a3e5fba861c979b2c9e50fa1fe75ba9f1b4eb8dc6b38725f88dc678ec5498,True,True,False,25.0,138,138,500,500,500:500,h264,5.52
N (9).mp4,NORMAL,C:\Users\Lenovo\Downloads\CattleLameness-main\CattleLameness-main\Data\Normal\N (9).mp4,.mp4,115031,39c71afaa1e27c09f152910d3a27f3a2c58c1e32111a4035b3dfa9ff46d3c0bc,True,True,False,30.0,161,161,500,500,500:500,h264,5.37
